{"ProjectWatches":"{\"Value\":[]}","LibraryProjectSettings":"{\"IncludeSourcesByDefault\":true,\"DefaultActivitiesRootCategories\":[null]}","OpenedDocuments":"[\"GetTemperature.xaml\",\"Main.xaml\",\"GetUserMessage.xaml\"]","ProjectBreakpoints":"{\"Value\":{\"Main.xaml\":[{\"ConditionalExpression\":null,\"ActionExpression\":null,\"ExpectedHitCounter\":null,\"ShouldContinueAfterAction\":false,\"IsEnabled\":true,\"ActivityIdRef\":\"InvokeWorkflowFile_1\",\"ActivityId\":\"1.20\",\"ActivityName\":\"Invoke GetTemperature workflow\"}]}}"}